{"cameraMode":{"drawMode":0,"name":"Shaded","section":"Shading Mode"},"sceneLighting":false,"audioPlay":false,"sceneViewState":{"m_AlwaysRefresh":false,"showFog":false,"showSkybox":false,"showFlares":false,"showImageEffects":false,"showParticleSystems":false,"showVisualEffectGraphs":false,"m_FxEnabled":true},"in2DMode":false,"pivot":{"x":0.09257286787033081,"y":0.009299159049987793,"z":0.2170565128326416},"rotation":{"x":-0.13691513240337373,"y":0.8393312692642212,"z":-0.2475537210702896,"w":-0.4642110764980316},"size":1.1884140968322755,"orthographic":false}