{"cameraMode":{"drawMode":0,"name":"Shaded","section":"Shading Mode"},"sceneLighting":false,"audioPlay":false,"sceneViewState":{"m_AlwaysRefresh":false,"showFog":false,"showSkybox":false,"showFlares":false,"showImageEffects":false,"showParticleSystems":false,"showVisualEffectGraphs":false,"m_FxEnabled":true},"in2DMode":false,"pivot":{"x":1026.570068359375,"y":524.7680053710938,"z":-11.78948974609375},"rotation":{"x":0.008999505080282689,"y":-0.008999510668218136,"z":0.00008099803380900994,"w":0.9999180436134338},"size":490.24334716796877,"orthographic":false}